File,Col,URI
KNSR4191_1,0,http://purl.obolibrary.org/obo/FOODON_03414302
KNSR4191_1,1,http://purl.obolibrary.org/obo/CHEBI_33290
KNSR4191_1,2,http://purl.obolibrary.org/obo/FOODON_03301517
KNSR4191_1,3,http://www.geneontology.org/formats/oboInOwl#hasDbXref
KNSR4191_2,0,http://purl.obolibrary.org/obo/FOODON_03510207
KNSR4191_2,1,http://purl.obolibrary.org/obo/UO_0000036
KNSR4191_2,2,http://www.geneontology.org/formats/oboInOwl#hasDbXref
KNSR4191_3,0,http://purl.obolibrary.org/obo/FOODON_03510207
KNSR4191_3,1,http://purl.obolibrary.org/obo/UO_0000036
KNSR4191_3,2,http://www.geneontology.org/formats/oboInOwl#hasDbXref
KNSR4192_1,0,http://purl.obolibrary.org/obo/FOODON_03412633
KNSR4192_1,2,http://purl.obolibrary.org/obo/OBI_0000679
KNSR4192_2,0,http://purl.obolibrary.org/obo/BFO_0000144
KNSR4192_2,1,http://purl.obolibrary.org/obo/FOODON_03530267
KNSR4192_2,2,http://purl.obolibrary.org/obo/FOODON_00003292
KNSR4192_2,3,http://purl.obolibrary.org/obo/FOODON_00003292
KNSR4192_3,0,http://purl.obolibrary.org/obo/HANCESTRO_0290
KNSR4192_3,1,http://purl.obolibrary.org/obo/FOODON_03440023
KNSR4192_3,2,http://purl.obolibrary.org/obo/FOODON_00004105
KNSR4192_3,3,http://purl.obolibrary.org/obo/FOODON_03400326
KNSR4192_4,0,http://purl.obolibrary.org/obo/FOODON_03510206
KNSR4192_4,1,http://purl.obolibrary.org/obo/FOODON_03440023
KNSR4192_4,2,http://purl.obolibrary.org/obo/FOODON_00004105
KNSR4192_4,3,http://purl.obolibrary.org/obo/FOODON_03400326
KNSR4192_5,0,http://purl.obolibrary.org/obo/FOODON_03510206
KNSR4192_5,1,http://purl.obolibrary.org/obo/FOODON_03440023
KNSR4192_5,2,http://purl.obolibrary.org/obo/FOODON_00004105
KNSR4192_5,3,http://purl.obolibrary.org/obo/FOODON_03400326
KNSR4192_6,0,http://purl.obolibrary.org/obo/FOODON_03510206
KNSR4192_6,1,http://purl.obolibrary.org/obo/FOODON_03440023
KNSR4192_6,2,http://purl.obolibrary.org/obo/FOODON_00004105
KNSR4192_6,3,http://purl.obolibrary.org/obo/FOODON_03400326
KNSR4193_1,0,http://purl.obolibrary.org/obo/RO_0000053
KNSR4193_1,1,http://purl.obolibrary.org/obo/CHEBI_90852
KNSR4193_1,2,http://purl.obolibrary.org/obo/OBI_0200079
KNSR4193_1,3,http://purl.obolibrary.org/obo/GAZ_00000560
KNSR4193_1,4,http://purl.obolibrary.org/obo/PO_0025336
KNSR4193_1,5,http://purl.obolibrary.org/obo/FOODON_03530259
KNSR4193_1,6,http://purl.obolibrary.org/obo/FOODON_03543195
KNSR4193_1,7,http://purl.obolibrary.org/obo/NCBITaxon_3847
KNSR4193_2,1,http://purl.obolibrary.org/obo/NCIT_C80249
KNSR4193_2,2,http://purl.obolibrary.org/obo/NCIT_C80249
KNSR4193_2,3,http://purl.obolibrary.org/obo/FOODON_00003334
KNSR4193_2,4,http://purl.obolibrary.org/obo/FOODON_00003131
KNSR4193_2,6,http://purl.obolibrary.org/obo/FOODON_03490154
KNSR4193_2,7,http://purl.obolibrary.org/obo/FOODON_00003334
KNSR4193_2,8,http://purl.obolibrary.org/obo/FOODON_00003131
KNSR4195_1,0,http://purl.obolibrary.org/obo/CHEBI_78295
KNSR4195_1,1,http://purl.obolibrary.org/obo/FOODON_03315709
KNSR4195_2,0,http://purl.obolibrary.org/obo/CHEBI_78295
KNSR4195_2,1,http://purl.obolibrary.org/obo/FOODON_03413764
KNSR4195_3,0,http://purl.obolibrary.org/obo/CHEBI_78295
KNSR4195_3,1,http://purl.obolibrary.org/obo/FOODON_03315865
KNSR4195_3,2,http://purl.obolibrary.org/obo/FOODON_03315865
KNSR4195_4,0,http://purl.obolibrary.org/obo/FOODON_00003147
KNSR4195_4,1,http://purl.obolibrary.org/obo/FOODON_03450017
KNSR4196_1,0,http://purl.obolibrary.org/obo/FOODON_03400690
KNSR4196_1,1,http://purl.obolibrary.org/obo/FOODON_03400467
KNSR4196_1,2,http://purl.obolibrary.org/obo/FOODON_03400467
KNSR4196_1,3,http://purl.obolibrary.org/obo/FOODON_03316869
KNSR4196_1,4,http://purl.obolibrary.org/obo/FOODON_03316869
KNSR4196_2,0,http://purl.obolibrary.org/obo/CHEBI_33290
KNSR4196_2,2,http://purl.obolibrary.org/obo/FOODON_03303067
KNSR4196_2,3,http://purl.obolibrary.org/obo/FOODON_00003189
KNSR4196_2,4,http://purl.obolibrary.org/obo/FOODON_00003189
KNSR4196_2,5,http://purl.obolibrary.org/obo/FOODON_00003189
KNSR4196_2,6,http://purl.obolibrary.org/obo/FOODON_03316074
KNSR4196_2,7,http://purl.obolibrary.org/obo/FOODON_03316074
KNSR4196_2,8,http://purl.obolibrary.org/obo/FOODON_03316074
KNSR4196_2,9,http://purl.obolibrary.org/obo/CHEBI_78616
KNSR4196_2,10,http://purl.obolibrary.org/obo/CHEBI_78616
KNSR4196_2,11,http://purl.obolibrary.org/obo/CHEBI_78616
KNSR4196_2,12,http://purl.obolibrary.org/obo/FOODON_03420108
KNSR4196_2,13,http://purl.obolibrary.org/obo/FOODON_03420108
KNSR4196_2,14,http://purl.obolibrary.org/obo/FOODON_03420108
KNSR4198_1,0,http://purl.obolibrary.org/obo/FOODON_03401157
KNSR4198_1,1,http://purl.obolibrary.org/obo/FOODON_03310481
KNSR4198_1,2,http://purl.obolibrary.org/obo/FOODON_03310481
KNSR4198_1,3,http://purl.obolibrary.org/obo/FOODON_03470170
KNSR4198_1,4,http://purl.obolibrary.org/obo/FOODON_03470170
KNSR4198_1,5,http://purl.obolibrary.org/obo/FOODON_00003120
KNSR4198_1,6,http://purl.obolibrary.org/obo/FOODON_00003120
KNSR4198_1,7,http://purl.obolibrary.org/obo/FOODON_00001571
KNSR4198_1,8,http://purl.obolibrary.org/obo/FOODON_00001571
KNSR4198_4,0,http://purl.obolibrary.org/obo/FOODON_03317002
KNSR4198_4,1,http://purl.obolibrary.org/obo/FOODON_03490334
KNSR4198_4,5,http://purl.obolibrary.org/obo/FOODON_03315840
KNSR4198_4,6,http://purl.obolibrary.org/obo/FOODON_03315840
KNSR4198_4,7,http://purl.obolibrary.org/obo/FOODON_03315840
KNSR4198_4,10,http://purl.obolibrary.org/obo/CHEBI_29073
KNSR4201_10,0,http://purl.obolibrary.org/obo/FOODON_03460194
KNSR4201_10,1,http://purl.obolibrary.org/obo/FOODON_03460194
KNSR4201_10,2,http://purl.obolibrary.org/obo/FOODON_03460194
KNSR4201_10,3,http://purl.obolibrary.org/obo/FOODON_03411198
KNSR4201_10,4,http://purl.obolibrary.org/obo/FOODON_03411198
KNSR4201_10,5,http://purl.obolibrary.org/obo/FOODON_03411198
KNSR4201_2,2,http://purl.obolibrary.org/obo/FOODON_03304099
KNSR4201_2,6,http://purl.obolibrary.org/obo/FOODON_00003371
KNSR4201_3_1,2,http://purl.obolibrary.org/obo/FOODON_03304099
KNSR4201_3_1,3,http://purl.obolibrary.org/obo/FOODON_00003370
KNSR4201_3_1,4,http://purl.obolibrary.org/obo/FOODON_00003370
KNSR4201_3_1,5,http://purl.obolibrary.org/obo/FOODON_00003371
KNSR4201_3_2,2,http://purl.obolibrary.org/obo/FOODON_03304099
KNSR4201_3_2,3,http://purl.obolibrary.org/obo/FOODON_00003370
KNSR4201_3_2,4,http://purl.obolibrary.org/obo/FOODON_00003370
KNSR4201_3_2,5,http://purl.obolibrary.org/obo/FOODON_00003370
KNSR4201_3_2,6,http://purl.obolibrary.org/obo/FOODON_00003371
KNSR4201_4,0,http://purl.obolibrary.org/obo/OBI_0000443
KNSR4201_4,1,http://purl.obolibrary.org/obo/FOODON_03400315
KNSR4201_4,2,http://purl.obolibrary.org/obo/FOODON_03400315
KNSR4201_4,3,http://purl.obolibrary.org/obo/FOODON_03400315
KNSR4201_4,4,http://purl.obolibrary.org/obo/ONS_2000004
KNSR4201_4,5,http://purl.obolibrary.org/obo/ONS_2000004
KNSR4201_4,6,http://purl.obolibrary.org/obo/FOODON_03510206
KNSR4201_4,7,http://purl.obolibrary.org/obo/FOODON_03510206
KNSR4201_4,8,http://purl.obolibrary.org/obo/FOODON_03510206
KNSR4201_7,0,http://purl.obolibrary.org/obo/OBI_0000443
KNSR4201_7,1,http://purl.obolibrary.org/obo/FOODON_03400315
KNSR4201_7,2,http://purl.obolibrary.org/obo/FOODON_03400315
KNSR4201_7,3,http://purl.obolibrary.org/obo/FOODON_03400315
KNSR4201_7,4,http://purl.obolibrary.org/obo/ONS_2000004
KNSR4201_7,5,http://purl.obolibrary.org/obo/ONS_2000004
KNSR4201_7,6,http://purl.obolibrary.org/obo/FOODON_03510206
KNSR4201_7,7,http://purl.obolibrary.org/obo/FOODON_03510206
KNSR4201_7,8,http://purl.obolibrary.org/obo/FOODON_03510206
KNSR4201_8,0,http://purl.obolibrary.org/obo/OBI_0000443
KNSR4201_8,1,http://purl.obolibrary.org/obo/FOODON_03400315
KNSR4201_8,2,http://purl.obolibrary.org/obo/FOODON_03400315
KNSR4201_8,3,http://purl.obolibrary.org/obo/FOODON_03400315
KNSR4201_8,4,http://purl.obolibrary.org/obo/ONS_2000004
KNSR4201_8,5,http://purl.obolibrary.org/obo/ONS_2000004
KNSR4201_8,6,http://purl.obolibrary.org/obo/FOODON_03510206
KNSR4201_8,7,http://purl.obolibrary.org/obo/FOODON_03510206
KNSR4201_8,8,http://purl.obolibrary.org/obo/FOODON_03510206
KNSR4201_9,0,http://purl.obolibrary.org/obo/FOODON_03460194
KNSR4201_9,1,http://purl.obolibrary.org/obo/FOODON_03460194
KNSR4201_9,2,http://purl.obolibrary.org/obo/FOODON_03460194
KNSR4201_9,3,http://purl.obolibrary.org/obo/FOODON_03411198
KNSR4201_9,4,http://purl.obolibrary.org/obo/FOODON_03411198
KNSR4201_9,5,http://purl.obolibrary.org/obo/FOODON_03411198
KNSR4203_2,0,http://purl.obolibrary.org/obo/FOODON_03543799
KNSR4203_2,1,http://purl.obolibrary.org/obo/FOODON_03306287
KNSR4203_2,2,http://purl.obolibrary.org/obo/FOODON_00004090
KNSR4203_2,5,http://purl.obolibrary.org/obo/FOODON_03470176
KNSR4204_1,0,http://purl.obolibrary.org/obo/FOODON_03543799
KNSR4204_1,1,http://purl.obolibrary.org/obo/FOODON_03306877
KNSR4204_1,3,http://purl.obolibrary.org/obo/FOODON_03306877
KNSR4204_3,0,http://purl.obolibrary.org/obo/FOODON_03413770
KNSR4204_3,1,http://purl.obolibrary.org/obo/FOODON_03543794
KNSR4204_3,2,http://purl.obolibrary.org/obo/FOODON_03543794
KNSR4204_3,3,http://purl.obolibrary.org/obo/FOODON_03543794
KNSR4204_3,4,http://purl.obolibrary.org/obo/FOODON_03543794
KNSR4204_4,1,http://purl.obolibrary.org/obo/FOODON_03543794
KNSR4204_4,2,http://purl.obolibrary.org/obo/FOODON_03543794
KNSR4204_4,3,http://purl.obolibrary.org/obo/FOODON_03543794
KNSR4204_4,4,http://purl.obolibrary.org/obo/FOODON_03543794
KNSR4204_4,5,http://purl.obolibrary.org/obo/FOODON_03543794
KNSR4204_4,6,http://purl.obolibrary.org/obo/FOODON_03543794
KNSR4204_5,0,http://purl.obolibrary.org/obo/FOODON_03413770
KNSR4204_5,1,http://purl.obolibrary.org/obo/FOODON_03543794
KNSR4204_5,2,http://purl.obolibrary.org/obo/FOODON_03543794
KNSR4204_5,3,http://purl.obolibrary.org/obo/FOODON_03543794
KNSR4204_5,4,http://purl.obolibrary.org/obo/FOODON_03543794
KNSR4204_5,5,http://purl.obolibrary.org/obo/FOODON_03543794
KNSR4204_5,6,http://purl.obolibrary.org/obo/FOODON_03543794
KNSR4205_10,0,http://purl.obolibrary.org/obo/FOODON_00001086
KNSR4205_10,1,http://purl.obolibrary.org/obo/FOODON_03510116
KNSR4205_10,2,http://purl.obolibrary.org/obo/CHEBI_81862
KNSR4205_10,3,http://purl.obolibrary.org/obo/CHEBI_81862
KNSR4205_10,4,http://purl.obolibrary.org/obo/FOODON_03510116
KNSR4205_10,5,http://purl.obolibrary.org/obo/FOODON_03413097
KNSR4205_10,6,http://purl.obolibrary.org/obo/FOODON_03413097
KNSR4205_1_1,0,http://purl.obolibrary.org/obo/IAO_0000027
KNSR4205_1_1,1,http://purl.obolibrary.org/obo/PO_0020031
KNSR4205_1_2,0,http://purl.obolibrary.org/obo/PATO_0000025
KNSR4205_1_2,1,http://purl.obolibrary.org/obo/PO_0020031
KNSR4205_2,0,http://purl.obolibrary.org/obo/AGRO_00000322
KNSR4205_2,1,http://purl.obolibrary.org/obo/FOODON_03510116
KNSR4205_2,2,http://purl.obolibrary.org/obo/FOODON_03302798
KNSR4205_2,3,http://purl.obolibrary.org/obo/CHEBI_16449
KNSR4205_2,4,http://purl.obolibrary.org/obo/FOODON_03305805
KNSR4205_5,0,http://purl.obolibrary.org/obo/FOODON_00001086
KNSR4205_5,1,http://purl.obolibrary.org/obo/CHEBI_81862
KNSR4205_5,2,http://purl.obolibrary.org/obo/CHEBI_81862
KNSR4205_5,3,http://purl.obolibrary.org/obo/CHEBI_81862
KNSR4205_5,4,http://purl.obolibrary.org/obo/FOODON_03510116
KNSR4205_5,5,http://purl.obolibrary.org/obo/FOODON_03510116
KNSR4205_5,6,http://purl.obolibrary.org/obo/FOODON_03510116
KNSR4205_5,7,http://purl.obolibrary.org/obo/FOODON_03510116
KNSR4205_5,8,http://purl.obolibrary.org/obo/FOODON_03510116
KNSR4205_5,9,http://purl.obolibrary.org/obo/FOODON_03510116
KNSR4205_5,11,http://purl.obolibrary.org/obo/FOODON_03413097
KNSR4205_7,0,http://purl.obolibrary.org/obo/FOODON_00001086
KNSR4205_7,1,http://purl.obolibrary.org/obo/CHEBI_81862
KNSR4205_7,2,http://purl.obolibrary.org/obo/FOODON_03510116
KNSR4205_7,3,http://purl.obolibrary.org/obo/FOODON_03510116
KNSR4205_7,4,http://purl.obolibrary.org/obo/FOODON_03510116
KNSR4205_7,5,http://purl.obolibrary.org/obo/FOODON_03510116
KNSR4205_7,6,http://purl.obolibrary.org/obo/FOODON_03510116
KNSR4205_7,7,http://purl.obolibrary.org/obo/FOODON_03510116
KNSR4205_8,0,http://purl.obolibrary.org/obo/FOODON_00001086
KNSR4205_8,1,http://purl.obolibrary.org/obo/CHEBI_81862
KNSR4205_8,2,http://purl.obolibrary.org/obo/FOODON_03510116
KNSR4205_8,3,http://purl.obolibrary.org/obo/FOODON_03510116
KNSR4205_8,4,http://purl.obolibrary.org/obo/FOODON_03510116
KNSR4205_8,5,http://purl.obolibrary.org/obo/FOODON_03510116
KNSR4205_8,6,http://purl.obolibrary.org/obo/FOODON_03510116
KNSR4205_8,7,http://purl.obolibrary.org/obo/FOODON_03510116
KNSR4205_8,8,http://purl.obolibrary.org/obo/FOODON_03510116
KNSR4205_8,9,http://purl.obolibrary.org/obo/FOODON_03510116
KNSR4205_8,11,http://purl.obolibrary.org/obo/FOODON_03413097
KNSR4205_9,0,http://purl.obolibrary.org/obo/FOODON_00001086
KNSR4205_9,1,http://purl.obolibrary.org/obo/CHEBI_81862
KNSR4205_9,2,http://purl.obolibrary.org/obo/FOODON_03510116
KNSR4205_9,3,http://purl.obolibrary.org/obo/FOODON_03510116
KNSR4205_9,4,http://purl.obolibrary.org/obo/FOODON_03510116
KNSR4205_9,5,http://purl.obolibrary.org/obo/FOODON_03510116
KNSR4205_9,6,http://purl.obolibrary.org/obo/FOODON_03510116
KNSR4205_9,7,http://purl.obolibrary.org/obo/FOODON_03510116
KNSR4205_9,8,http://purl.obolibrary.org/obo/FOODON_03510116
KNSR4205_9,9,http://purl.obolibrary.org/obo/FOODON_03510116
KNSR4207_1,0,http://purl.obolibrary.org/obo/HANCESTRO_0290
KNSR4207_1,1,http://purl.obolibrary.org/obo/FOODON_03401784
KNSR4207_1,2,http://purl.obolibrary.org/obo/FOODON_00003226
KNSR4207_1,3,http://purl.obolibrary.org/obo/FOODON_00004066
KNSR4208_6,1,http://purl.obolibrary.org/obo/FOODON_03510200
KNSR4208_6,2,http://purl.obolibrary.org/obo/FOODON_00002921
KNSR4209_1,0,http://purl.obolibrary.org/obo/PO_0001083
KNSR4209_1,1,http://purl.obolibrary.org/obo/FOODON_03301116
KNSR4209_1,2,http://purl.obolibrary.org/obo/FOODON_03301116
KNSR4209_1,3,http://purl.obolibrary.org/obo/NCBITaxon_3906
KNSR4209_1,4,http://purl.obolibrary.org/obo/NCBITaxon_3906
KNSR4209_1,5,http://purl.obolibrary.org/obo/FOODON_03450012
KNSR4210_2,0,http://purl.obolibrary.org/obo/FOODON_03400805
KNSR4210_2,4,http://purl.obolibrary.org/obo/FOODON_03309499
KNSR4210_2,5,http://purl.obolibrary.org/obo/FOODON_03309499
KNSR4210_2,6,http://purl.obolibrary.org/obo/FOODON_03309499
KNSR4210_3,0,http://purl.obolibrary.org/obo/FOODON_03400805
KNSR4210_3,4,http://purl.obolibrary.org/obo/FOODON_03309499
KNSR4210_3,5,http://purl.obolibrary.org/obo/FOODON_03309499
KNSR4210_3,6,http://purl.obolibrary.org/obo/FOODON_03309499
KNSR4210_4,0,http://purl.obolibrary.org/obo/FOODON_03510136
KNSR4210_4,1,http://purl.obolibrary.org/obo/FOODON_03309536
KNSR4210_4,2,http://purl.obolibrary.org/obo/FOODON_03309536
KNSR4210_4,3,http://purl.obolibrary.org/obo/FOODON_03309536
KNSR4210_4,4,http://purl.obolibrary.org/obo/FOODON_03309536
KNSR4211_2,0,http://purl.obolibrary.org/obo/FOODON_03307797
KNSR4211_2,1,http://purl.obolibrary.org/obo/NCIT_C25464
KNSR4211_2,2,http://purl.obolibrary.org/obo/FOODON_03543794
KNSR4211_2,3,http://purl.obolibrary.org/obo/FOODON_00001814
KNSR4211_3.csv,0,http://purl.obolibrary.org/obo/FOODON_00001274
KNSR4211_3.csv,2,http://purl.obolibrary.org/obo/FOODON_00001814
KNSR4211_4_1,0,http://purl.obolibrary.org/obo/FOODON_00001274
KNSR4211_4_1,2,http://purl.obolibrary.org/obo/FOODON_00001814
KNSR4211_4_2,0,http://purl.obolibrary.org/obo/FOODON_03543800
KNSR4211_4_2,2,http://purl.obolibrary.org/obo/FOODON_00001814
KNSR4211_4_3,0,http://purl.obolibrary.org/obo/FOODON_03400465
KNSR4211_4_3,2,http://purl.obolibrary.org/obo/FOODON_00001814
KNSR4211_4_4,0,http://purl.obolibrary.org/obo/ONS_1000059
KNSR4211_4_4,2,http://www.geneontology.org/formats/oboInOwl#hasDbXref
KNSR4212_1_2,0,http://purl.obolibrary.org/obo/FOODON_03400432
KNSR4212_1_2,1,http://purl.obolibrary.org/obo/FOODON_03530156
KNSR4212_1_2,2,http://purl.obolibrary.org/obo/FOODON_03530156
KNSR4212_1_2,3,http://purl.obolibrary.org/obo/FOODON_03530156
KNSR4212_1_2,4,http://purl.obolibrary.org/obo/FOODON_03413097
KNSR4212_1_3,0,http://purl.obolibrary.org/obo/FOODON_03543799
KNSR4212_1_3,1,http://purl.obolibrary.org/obo/FOODON_03530156
KNSR4212_1_3,2,http://purl.obolibrary.org/obo/FOODON_03530156
KNSR4212_1_3,3,http://purl.obolibrary.org/obo/FOODON_03530156
KNSR4212_1_3,4,http://purl.obolibrary.org/obo/FOODON_03413097
KNSR4212_1,3,http://purl.obolibrary.org/obo/FOODON_03530156
KNSR4212_1,4,http://purl.obolibrary.org/obo/FOODON_03413097
KNSR4212_2,1,http://purl.obolibrary.org/obo/FOODON_03530156
KNSR4212_2,2,http://purl.obolibrary.org/obo/FOODON_03530156
KNSR4212_2,3,http://purl.obolibrary.org/obo/FOODON_03530156
KNSR4212_2,4,http://purl.obolibrary.org/obo/FOODON_03413097
KNSR4213_3,0,http://purl.obolibrary.org/obo/FOODON_03543800
KNSR4213_3,1,http://purl.obolibrary.org/obo/CHEBI_190301
KNSR4213_3,2,http://purl.obolibrary.org/obo/GAZ_00009159
KNSR4214_1,0,http://purl.obolibrary.org/obo/FOODON_00003278
KNSR4214_1,1,http://purl.obolibrary.org/obo/CHEBI_90852
KNSR4214_1,2,http://purl.obolibrary.org/obo/FOODON_03530244
KNSR4214_1,3,http://purl.obolibrary.org/obo/FOODON_03530244
KNSR4214_1,4,http://purl.obolibrary.org/obo/FOODON_03530244
KNSR4214_1,5,http://purl.obolibrary.org/obo/FOODON_03530244
KNSR4214_1,6,http://purl.obolibrary.org/obo/FOODON_03530244
KNSR4214_1,7,http://purl.obolibrary.org/obo/FOODON_03530244
KNSR4214_1,8,http://purl.obolibrary.org/obo/FOODON_03530244
KNSR4214_1,9,http://purl.obolibrary.org/obo/FOODON_03530244
KNSR4214_2,0,http://purl.obolibrary.org/obo/FOODON_00003278
KNSR4214_2,1,http://purl.obolibrary.org/obo/CHEBI_90852
KNSR4214_2,2,http://purl.obolibrary.org/obo/FOODON_00003334
KNSR4214_2,3,http://purl.obolibrary.org/obo/FOODON_00003334
KNSR4214_2,4,http://purl.obolibrary.org/obo/FOODON_00003334
KNSR4214_2,5,http://purl.obolibrary.org/obo/FOODON_00003334
KNSR4214_2,6,http://purl.obolibrary.org/obo/FOODON_00003334
KNSR4214_2,7,http://purl.obolibrary.org/obo/FOODON_00003334
KNSR4214_2,8,http://purl.obolibrary.org/obo/FOODON_00003334
KNSR4214_2,9,http://purl.obolibrary.org/obo/FOODON_00003334
KNSR4214_2,10,http://purl.obolibrary.org/obo/FOODON_03413775
KNSR4214_2,11,http://purl.obolibrary.org/obo/FOODON_03413775
KNSR4215_2,1,http://purl.obolibrary.org/obo/FOODON_03490275
KNSR4215_2,2,http://purl.obolibrary.org/obo/FOODON_03490275
KNSR4215_2,3,http://purl.obolibrary.org/obo/FOODON_03544504
KNSR4215_2,4,http://purl.obolibrary.org/obo/FOODON_03544504
KNSR4217_11,0,http://purl.obolibrary.org/obo/PO_0000225
KNSR4217_11,1,http://purl.obolibrary.org/obo/BFO_0000144
KNSR4217_11,2,http://purl.obolibrary.org/obo/CHEBI_25903
KNSR4217_9,0,http://purl.obolibrary.org/obo/PO_0000225
KNSR4217_9,1,http://purl.obolibrary.org/obo/FOODON_00004130
KNSR4218_1,0,http://purl.obolibrary.org/obo/FOODON_03401212
KNSR4218_1,1,http://purl.obolibrary.org/obo/FOODON_00004072
KNSR4218_2,0,http://purl.obolibrary.org/obo/FOODON_03510184
KNSR4218_2,1,http://purl.obolibrary.org/obo/FOODON_03530077
KNSR4218_2,2,http://purl.obolibrary.org/obo/FOODON_03316669
KNSR4219_1,1,http://purl.obolibrary.org/obo/CHEBI_90852
KNSR4219_1,2,http://purl.obolibrary.org/obo/FOODON_03413096
KNSR4219_1,3,http://purl.obolibrary.org/obo/FOODON_03413096
KNSR4219_1,4,http://purl.obolibrary.org/obo/FOODON_03413097
KNSR4219_1,5,http://purl.obolibrary.org/obo/FOODON_03413097
KNSR4224_1_1,0,http://purl.obolibrary.org/obo/FOODON_03543404
KNSR4224_1_1,2,http://purl.obolibrary.org/obo/FOODON_03530230
KNSR4224_1_2,0,http://purl.obolibrary.org/obo/PATO_0000025
KNSR4224_1_3,0,http://purl.obolibrary.org/obo/IAO_0000100
KNSR4224_1_3,2,http://purl.obolibrary.org/obo/FOODON_03530230
KNSR4229_4,0,http://purl.org/dc/terms/date
KNSR4229_4,1,http://purl.obolibrary.org/obo/FOODON_03401064
KNSR4229_4,4,http://purl.obolibrary.org/obo/NCBITaxon_1150424
KNSR4231_2,1,http://purl.obolibrary.org/obo/FOODON_03540170
KNSR4231_2,2,http://purl.obolibrary.org/obo/FOODON_03540170
KNSR4231_2,3,http://purl.obolibrary.org/obo/CHEBI_16113
KNSR4231_2,4,http://purl.obolibrary.org/obo/CHEBI_16113
KNSR4231_2,5,http://purl.obolibrary.org/obo/CHEBI_16113
KNSR4231_2,6,http://purl.obolibrary.org/obo/CHEBI_16113
KNSR4231_2,7,http://purl.obolibrary.org/obo/CHEBI_16113
KNSR4231_2,8,http://purl.obolibrary.org/obo/CHEBI_16113
KNSR4231_2,9,http://purl.obolibrary.org/obo/CHEBI_16113
KNSR4231_2,10,http://purl.obolibrary.org/obo/CHEBI_16113
KNSR4231_2,11,http://purl.obolibrary.org/obo/FOODON_03400873
KNSR4231_3,1,http://purl.obolibrary.org/obo/FOODON_03540170
KNSR4231_3,2,http://purl.obolibrary.org/obo/FOODON_03540170
KNSR4231_3,3,http://purl.obolibrary.org/obo/CHEBI_16113
KNSR4231_3,4,http://purl.obolibrary.org/obo/CHEBI_16113
KNSR4231_3,5,http://purl.obolibrary.org/obo/CHEBI_16113
KNSR4231_3,6,http://purl.obolibrary.org/obo/CHEBI_16113
KNSR4231_3,7,http://purl.obolibrary.org/obo/CHEBI_16113
KNSR4231_3,8,http://purl.obolibrary.org/obo/CHEBI_16113
KNSR4231_3,9,http://purl.obolibrary.org/obo/FOODON_03400873
KNSR4231_4,1,http://purl.obolibrary.org/obo/FOODON_03540170
KNSR4231_4,2,http://purl.obolibrary.org/obo/FOODON_03420194
KNSR4231_4,3,http://purl.obolibrary.org/obo/FOODON_03420194
KNSR4231_4,4,http://purl.obolibrary.org/obo/FOODON_03420194
KNSR4231_4,5,http://purl.obolibrary.org/obo/FOODON_03420194
KNSR4231_4,6,http://purl.obolibrary.org/obo/FOODON_03420194
KNSR4231_4,7,http://purl.obolibrary.org/obo/FOODON_03420194
KNSR4231_4,8,http://purl.obolibrary.org/obo/FOODON_03420194
KNSR4231_4,9,http://purl.obolibrary.org/obo/FOODON_03420194
KNSR4231_4,10,http://purl.obolibrary.org/obo/FOODON_03400873
KNSR4231_5,0,http://purl.obolibrary.org/obo/FOODON_03544518
KNSR4231_5,2,http://purl.obolibrary.org/obo/CHEBI_16113
KNSR4231_5,3,http://purl.obolibrary.org/obo/CHEBI_16113
KNSR4231_5,4,http://purl.obolibrary.org/obo/CHEBI_16113
KNSR4231_5,5,http://purl.obolibrary.org/obo/FOODON_03301006
KNSR4231_5,6,http://purl.obolibrary.org/obo/FOODON_03301006
KNSR4231_5,7,http://purl.obolibrary.org/obo/FOODON_03301006
KNSR4233_1,0,http://purl.obolibrary.org/obo/FOODON_03430130
KNSR4233_1,1,http://purl.obolibrary.org/obo/FOODON_00003338
KNSR4233_2,0,http://purl.obolibrary.org/obo/FOODON_03304840
KNSR4233_2,1,http://purl.obolibrary.org/obo/FOODON_03400646
KNSR4233_2,2,http://purl.obolibrary.org/obo/FOODON_00003338
KNSR4233_4,0,http://purl.obolibrary.org/obo/FOODON_03430130
KNSR4233_4,1,http://purl.obolibrary.org/obo/FOODON_00003338
KNSR4233_5,1,http://purl.obolibrary.org/obo/FOODON_03490403
KNSR4233_5,2,http://purl.obolibrary.org/obo/FOODON_03490403
KNSR4233_6,0,http://purl.obolibrary.org/obo/FOODON_03400690
KNSR4233_6,1,http://purl.obolibrary.org/obo/FOODON_03460294
KNSR4233_6,2,http://purl.obolibrary.org/obo/FOODON_03510189
KNSR4233_7,1,http://purl.obolibrary.org/obo/UO_0000035
KNSR4233_7,2,http://purl.obolibrary.org/obo/UO_0000035
KNSR4234_4,2,http://purl.obolibrary.org/obo/FOODON_03311738
KNSR4234_4,3,http://purl.obolibrary.org/obo/FOODON_03510130
KNSR4236_1,0,http://purl.obolibrary.org/obo/FOODON_03316119
KNSR4236_1,2,http://www.geneontology.org/formats/oboInOwl#hasDbXref
KNSR4236_2.csv,0,http://purl.obolibrary.org/obo/FOODON_03316119
KNSR4236_2.csv,1,http://purl.obolibrary.org/obo/NCBITaxon_29818
KNSR4236_2.csv,2,http://www.geneontology.org/formats/oboInOwl#hasDbXref
KNSR4236_3,0,http://purl.obolibrary.org/obo/FOODON_03541021
KNSR4236_3,1,http://purl.obolibrary.org/obo/CHEBI_36080
KNSR4236_3,2,http://purl.obolibrary.org/obo/FOODON_00003265
KNSR4236_3,3,http://purl.obolibrary.org/obo/ENVO_02000090
KNSR4236_3,4,http://purl.obolibrary.org/obo/CHEBI_16646
KNSR4236_3,5,http://www.geneontology.org/formats/oboInOwl#hasDbXref
KNSR4236_4,0,http://purl.obolibrary.org/obo/FOODON_03541021
KNSR4236_4,1,http://purl.obolibrary.org/obo/GO_0015980
KNSR4236_4,2,http://purl.obolibrary.org/obo/GO_0015980
KNSR4236_4,3,http://purl.obolibrary.org/obo/GO_0015980
KNSR4236_4,4,http://www.geneontology.org/formats/oboInOwl#hasDbXref
KNSR4236_6,0,http://purl.obolibrary.org/obo/FOODON_03541021
KNSR4236_6,1,http://purl.obolibrary.org/obo/FOODON_03541087
KNSR4236_6,2,http://purl.obolibrary.org/obo/FOODON_03315198
KNSR4236_6,3,http://www.geneontology.org/formats/oboInOwl#hasDbXref
KNSR4240_1,1,http://purl.obolibrary.org/obo/PATO_0000014
KNSR4240_3,1,http://purl.obolibrary.org/obo/ERO_0000347
KNSR4240_3,3,http://purl.obolibrary.org/obo/FOODON_03440003
KNSR4240_5,0,http://purl.obolibrary.org/obo/HANCESTRO_0004
KNSR4240_5,1,http://purl.obolibrary.org/obo/ERO_0000347
KNSR4240_5,3,http://purl.obolibrary.org/obo/BFO_0000029
KNSR4241_2,0,http://purl.obolibrary.org/obo/CHEBI_35366
KNSR4241_2,1,http://purl.obolibrary.org/obo/NCBITaxon_976
KNSR4241_2,2,http://purl.obolibrary.org/obo/FOODON_03530051
KNSR4241_2,3,http://purl.obolibrary.org/obo/FOODON_03530051
KNSR4241_2,4,http://purl.obolibrary.org/obo/OBI_0001933
KNSR4243_11,0,http://purl.obolibrary.org/obo/AGRO_01000020
KNSR4243_11,1,http://purl.obolibrary.org/obo/FOODON_03541593
KNSR4243_11,2,http://purl.obolibrary.org/obo/FOODON_03315149
KNSR4243_12,0,http://purl.obolibrary.org/obo/AGRO_01000020
KNSR4243_12,1,http://purl.obolibrary.org/obo/FOODON_03541593
KNSR4243_12,2,http://purl.obolibrary.org/obo/FOODON_03315149
KNSR4247_1,0,http://purl.obolibrary.org/obo/FOODON_03401309
KNSR4247_1,1,http://purl.obolibrary.org/obo/FOODON_00001238
KNSR4247_1,2,http://purl.obolibrary.org/obo/FOODON_03316204
KNSR4247_1,3,http://www.geneontology.org/formats/oboInOwl#hasDbXref
KNSR4247_2,0,http://purl.obolibrary.org/obo/FOODON_03411564
KNSR4247_2,1,http://purl.obolibrary.org/obo/FOODON_03401311
KNSR4247_2,2,http://www.geneontology.org/formats/oboInOwl#hasDbXref
KNSR4249_2,0,http://purl.obolibrary.org/obo/ENVO_00000012
